name,ribbon_count,foodtype,address,city,district,phone,hours,description,image_url,detail_url,labels
벽제갈비더청담,3,"소고기구이, 한우오마카세",서울특별시 강남구 도산대로81길 25 (청담동) 조은빌딩 1층,서울특별시,강남구,,,벽제갈비에서 운영하는 한우 다이닝 레스토랑. 인테리어뿐 아니라 기물도 고급스럽게 준비하였다. 개별룸에서 셰프가 직접 손질해서 구워주는 한우 코스를 맛볼 수 있다.,https://www.bluer.co.kr/images/es_75fe78f583f243aab4b021d344b352df.png,https://www.bluer.co.kr/restaurants/32915,
레스쁘아,3,프랑스식,서울특별시 강남구 도산대로56길 10 (청담동) 2층,서울특별시,강남구,,,"정통 프렌치 레시피를 기반으로 한 임기학 셰프의 요리를 맛볼 수 있는 곳이다. 2025년 9월, 인근으로 이전하여 리뉴얼 오픈하면서 분위기가 한층 업그레이드되었다. 위층에는 무슈꼬숑이 자리하여 샤퀴테리도 함께 즐길 수 있다.",https://www.bluer.co.kr/images/es_4fc387de74724893a534f95f3701aef4.jpg,https://www.bluer.co.kr/restaurants/3998,
도림,3,일반중식,서울특별시 중구 을지로 30 (소공동) 롯데호텔서울 본관 37층,서울특별시,중구,,,모던한 분위기에서 품격 있게 중국요리를 즐길 수 있는 곳. 한국인의 입맛에 잘 맞는 중식을 고급스럽고 현대적으로 풀어내고 있다. 롯데호텔 37층 전망도 뛰어나다.,https://www.bluer.co.kr/images/es_30a789c01e4a4a33a83bcdd5b1ad2218.jpg,https://www.bluer.co.kr/restaurants/1521,
도원,3,"북경식중식, 일반중식",서울특별시 중구 소공로 119 (태평로2가) 더플라자 3층,서울특별시,중구,,,"50년 가까운 역사의 호텔 중식당으로, 유명인들이 자주 찾는 곳으로도 유명하다. 분위기, 맛, 서비스 모두 나무랄 데 없이 훌륭하다. 시대의 흐름에 맞추어 끊임없이 메뉴에 변화를 주고 있으며 전통적인 레시피에 기초한 모던한 중식을 선보이고 있다. 기름기가 적은 산뜻한 맛의 중식을 즐길 수 있다.",https://www.bluer.co.kr/images/es_0ea50d55e9864fccaebd2a65a6763211.jpg,https://www.bluer.co.kr/restaurants/198,
쵸이닷,3,"이노베이티브퀴진, 분자요리, 이탈리아식",서울특별시 강남구 도산대로 457 (청담동) 앙스돔빌딩 3층,서울특별시,강남구,,,최현석 셰프의 크리에이티브한 요리를 즐길 수 있는 레스토랑. 분자요리와 이탈리아 요리를 기반으로 한 창의적인 요리가 코스로 나온다. 생각지 못한 재기발랄한 플레이팅은 자칫 엄숙하게 느껴질 수 있는 파인다이닝에 위트로 작용한다. 메뉴는 계절이나 재료에 맞춰 주기적으로 바뀌며 요리에 걸맞은 와인을 곁들이는 와인페어링도 추천한다.,https://www.bluer.co.kr/images/es_9f51636937074bdb9e40c073497e9cef.jpg,https://www.bluer.co.kr/restaurants/29083,
더그린테이블,3,프랑스식,서울특별시 종로구 율곡로 83 (원서동) 아라리오 뮤지엄 5층,서울특별시,종로구,,,"김은희 셰프가 운영하는 프렌치 레스토랑. 사계절에 따라 변화하는 우리나라 식재료로 만든 프렌치 요리를 선보인다. 제철 나물, 곡물, 생선, 해산물 등을 활용한 요리에서 변화하는 식재료의 다채로움을 즐길 수 있다. 멋진 창덕궁 뷰를 감상하며 분위기 있는 식사를 할 수 있는 곳이다.",https://www.bluer.co.kr/images/es_fa44cbc809704ba88bc2f8cba3bb7da4.jpg,https://www.bluer.co.kr/restaurants/28946,
호빈,3,일반중식,서울특별시 중구 동호로 287 (장충동2가) 앰배서더서울풀만호텔 2층,서울특별시,중구,,,"서울 최고의 중식 역사를 만든 후덕죽 셰프의 정통  요리를 맛볼 수 있는 곳. 광동식을 기반으로 하고 있으며 의식동원을 모토로 하여 최고의 보양식 요리를 추구한다. 코스의 구성도 좋으며, 단품으로도 즐길 수 있다.",https://www.bluer.co.kr/images/es_3703ea7dfaf549a9959b5e801de33282.jpg,https://www.bluer.co.kr/restaurants/32541,
팔선,3,일반중식,서울특별시 중구 동호로 249 (장충동2가) 서울신라호텔 2층,서울특별시,중구,,,"많은 사람들이 서울 최고의 중식당으로 꼽는 데 주저하지 않는 곳. 광동식을 비롯하여 사천, 북경요리 등 수백 가지가 넘는 정통 중국요리를 해낼 수 있는 곳이다. 명성 만큼이나 맛, 분위기, 서비스 모두 좋다. 단골 손님이 되면 요리를 개개인의 취향에 맞춰 주기도 한다.",https://www.bluer.co.kr/images/es_09fbf00d5cca498d8667f00d0b2c9d02.jpg,https://www.bluer.co.kr/restaurants/909,
본앤브레드,3,"한우오마카세, 소고기구이",서울특별시 성동구 마장로42길 1 (마장동),서울특별시,성동구,,,"마장동 우시장 부근에 자리한 고급 부티크 정육점. 한우오마카세의 열풍을 일으킨 주역이다. 품질이 보장되는 소고기구이를 맛볼 수 있다. 1층과 2층은 캐주얼 다이닝으로 일반 고깃집처럼 운영되며, 3층에서는 프라이빗한 오마카세를 즐길 수 있다. 지하 1층은 소수 인원의 예약제로만 운영된다.",https://www.bluer.co.kr/images/es_5cc51334b1304fd499ff0effbc555878.jpg,https://www.bluer.co.kr/restaurants/28236,
명월관,3,"소갈비, 소고기구이, 한우오마카세",서울특별시 광진구 워커힐로 177 (광장동) 쉐라톤그랜드워커힐호텔,서울특별시,광진구,,,"워커힐호텔 내 한옥 분위기의 별채로 있는, 주변 경치가 아름다운 숯불구이 전문점. 좋은 참숯에 구워 먹는 고기의 질도 훌륭하다. 된장 양념으로 맛을 낸 장향갈비가 인기. 식사 메뉴인 한우갈비탕 맛이 좋기로 유명하다. 별채에서는 한우 맡김차림으로 진행된다.",https://www.bluer.co.kr/images/4963_thumb.jpg,https://www.bluer.co.kr/restaurants/4963,
홍보각,3,일반중식,서울특별시 강남구 봉은사로 130 (역삼동) 노보텔앰배서더강남서울 LL층,서울특별시,강남구,,,"국내 중식의 대가인 여경래 셰프가 2023년 이전하여 오픈한 중식 파인 다이닝 레스토랑. 고급스러운 분위기의 인테리어에서 정통 중식을 맛볼 수 있다. 여경래 셰프의 시그니처 메뉴인 불도장, 모자새우 등을 선보인다.",https://www.bluer.co.kr/images/es_03b487d90da3464a82f37960804ade28.jpg,https://www.bluer.co.kr/restaurants/4627,
삼원가든,3,"소갈비, 소고기구이, 한우오마카세",서울특별시 강남구 언주로 835 (신사동),서울특별시,강남구,,,"50여 년 전통의 우리나라 대표 갈빗집. 대표 메뉴인 양념 갈비와 함께 나오는 반찬도 정갈하며 갈비 외에 등심이나 불고기, 단품 요리도 수준급이다. 예약제로 운영되는 특실에서는 다양한 한정식과, 한우 모둠 구이가 나오는 차별화된 코스로 진행된다. 특실 예약은 02-548-3037로 문의하면 된다.",https://www.bluer.co.kr/images/es_54ecad87f09e468cae7a6e08fef656ef.jpg,https://www.bluer.co.kr/restaurants/472,
미피아체,3,"이탈리아식, 파스타",서울특별시 강남구 도산대로70길 34 (청담동),서울특별시,강남구,,,"청담동에서 가장 오래된 레스토랑 중의 하나로, 20년 세월 동안 변함없는 맛을 유지하고 있다. 전채, 메인, 디저트 모두 손색없이 훌륭하며 계절에 따라, 트렌드에 따라 메뉴가 자주 바뀌어 다양한 즐거움을 준다. 미리 주문하면 맛볼 수 있는 피오렌티나 스테이크도 명성이 자자하다. 2023년 8월 지금의 자리로 이전하여 분위기가 더욱 좋아졌다. 테라스 자리를 이용할 것을 추천.",https://www.bluer.co.kr/images/es_7743b91ceaee4ffaa6c8be2304758c64.jpg,https://www.bluer.co.kr/restaurants/343,
낙원,3,"소갈비, 소고기구이",서울특별시 강서구 방화대로 94 (외발산동) 메이필드호텔 1층,서울특별시,강서구,,,갈비를 비롯한 한우구이를 전문으로 하고 있으며 가격대가 높은 만큼 품격 있는 분위기와 서비스를 즐길 수 있다. 재료 본연의 맛을 살린 음식의 맛이 좋다. 룸이 여러 개 있어 비즈니스 미팅에도 좋다. 낙원 안쪽에는 한정식집 봉래헌이 있다.,https://www.bluer.co.kr/images/1534_thumb.jpg,https://www.bluer.co.kr/restaurants/1534,
화이트크리스마스,3,프랑스식,충청북도 청주시 흥덕구 비하로42번길 2 (비하동) 2층,충청북도,흥덕구,,,"충북을 대표하는 파인 다이닝 프렌치 레스토랑. 정통 프렌치 요리를 코스로 즐길 수 있는 곳으로, 맛과 분위기에 대한 평이 모두 좋다. 고풍스러운 인테리어와 소품에서 오너의 애정이 느껴진다. 10세 이하의 어린이는 출입할 수 없으며, 드레스코드는 포멀 슈트, 비즈니스 캐주얼, 스마트 캐주얼이다. 2000년 충주에서 시작하여 2015년에 청주로 옮겨 문을 열었다.",https://www.bluer.co.kr/images/es_afa5051a813b4553a9e3b55806de0e44.jpg,https://www.bluer.co.kr/restaurants/30139,
팔레트,3,컨템포러리,부산광역시 해운대구 달맞이길65번길 154 (중동) 메르씨엘 3층,부산광역시,해운대구,,,"시드니의 LuMi Dining과 서울의 제로 컴플레스 등 유수의 레스토랑에서 근무한 김재훈 셰프의 레스토랑. 프렌치 테크닉을 기반으로 다양한 부산의 식재료들을 사용하며, 아시안 트위스트를 곁들여 완성도 높은 요리를 선보인다. 낮에는 푸른 해운대 바다의 환상적인 오션뷰를, 밤에는 분주한 주방과 하우스 비트의 음악에서 오는 집중도 높은 에너지를 즐길 수 있는 공간이다. 와인 페어링도 훌륭하여 꼭 곁들여 볼 것을 추천한다.",https://www.bluer.co.kr/images/es_f8b9141c14f3445798786953056ae23b.jpg,https://www.bluer.co.kr/restaurants/34659,
밍글스,3,뉴코리안,서울특별시 강남구 도산대로67길 19 (청담동) 힐탑빌딩 2층,서울특별시,강남구,,,국내외에서 이름을 드높이고 있는 강민구 셰프의 뉴코리안 레스토랑. 사찰음식과 한식 장인에게 전수받은 전통 한식 기법을 현대적으로 재해석한 한식을 맛볼 수 있다. 완벽을 지향하는 육수 내기 등 기본기를 중요시하고 있다. 실내 분위기도 모던하고 쾌적하며 서비스도 나무랄 데 없다. 홍콩에서 운영하고 있는 한식당 한식구가 큰 인기를 끄는 등 글로벌 셰프로서의 위엄을 보여준다.,https://www.bluer.co.kr/images/es_f9df4317c900470ebf0cb11f82975cc4.jpg,https://www.bluer.co.kr/restaurants/27144,
소수헌,3,스시,서울특별시 중구 만리재로21길 8 (만리동2가),서울특별시,중구,,,스시 분야에서 독보적인 위치를 차지하고 있는 박경재 셰프가 선보이는 하이엔드 스시야. 정성스럽게 내어주는 츠마미를 시작으로 간결하면서도 내공 있는 스시를 맛볼 수 있다. 국가유산으로 지정된 고택을 멋스럽게 리모델링한 곳에 자리잡고 있으며 티 룸도 따로 준비되어 있다.,https://www.bluer.co.kr/images/es_52ab8dfb62f84d1e8aa302913ec597fd.jpg,https://www.bluer.co.kr/restaurants/37882,
모수서울,3,컨템포러리,서울특별시 용산구 회나무로41길 4 (이태원동),서울특별시,용산구,,,"안성재 셰프가 풀어내는 컨템포러리 레스토랑 모수서울이 자리를 옮겨 새로 오픈하였다. 일식에 기반을 두고 신선한 제철 해산물과 한식 식재료를 접목해서 풀어내는 파인 다이닝을 즐길 수 있다. 절제된 맛과 플레이팅, 그리고 심플한 실내 분위기가 잘 어우러진다.",https://www.bluer.co.kr/images/es_f239ca1f20224d64a2831803b3a263c0.jpg,https://www.bluer.co.kr/restaurants/29242,
파씨오네,3,프랑스식,서울특별시 강남구 언주로164길 39 (신사동) 2층,서울특별시,강남구,,,"프랑스에서도 손꼽히는 라르페주, 라스트랑스 등 최고급 레스토랑에서 경험을 쌓은 이방원 셰프의 모던 프렌치 레스토랑. 클래식한 프렌치 레스토랑과 차별화된 신선한 감각을 보여주고 있다. 매일 좋은 재료를 엄선해 런치, 디너 각 한 가지의 코스를 내며, 재료의 풍미를 살리는 적절한 버터, 소금의 사용이 돋보인다. 특히 채소를 다양하게 활용한 요리에 강점이 있으며, 안정적인 조리에서 나오는 기본기도 탄탄하다.",https://www.bluer.co.kr/images/es_cb639fbae9b04f4095ad174027814bae.jpg,https://www.bluer.co.kr/restaurants/15931,
한국의집,3,모던한식,서울특별시 중구 퇴계로36길 10 (필동2가),서울특별시,중구,,,"조선왕조 궁궁음식 기반의 전통 한식을 품격 있게 담아낸 궁중음식 파인 다이닝을 선보인다. 고즈넉하고 아름다운 한옥의 정취와 함께 제철 식재료, 궁중 진상품 등 우리 땅에서 나는 귀한 식재료들를 활용하여 계절별로 색다른 전통 한식을 만나볼 수 있다. 1957년 한국을 방문하는 외빈을 위한 영빈관의 목적으로 지어졌으며, 현재는 복합문화공간으로서 한국의 아름다운 전통문화를 보존 및 보급하고 있다. 특히 궁중 음식, 고조리서 조리법 등을 연구 및 활용하여 전통 한식을 선도 및 전파하는 데 힘쓰고 있다. 2026년 3월 11일에 리뉴얼 오픈하였다.",https://www.bluer.co.kr/images/es_d5e297fa2bbe40b3ade32ebfe20707cf.jpg,https://www.bluer.co.kr/restaurants/952,
세븐스도어,3,컨템포러리,서울특별시 강남구 학동로97길 41 (청담동) 리유빌딩 4층,서울특별시,강남구,,,"김대천 셰프의 발효와 숙성을 테마로 한 레스토랑. 다양한 식자재를 발효 및 숙성하여 사용하며 심도있게 코스 요리로 풀어낸다. 단맛, 쓴맛, 매운맛, 단맛, 감칠맛의 다섯 가지 맛에 6번째인 발효와 숙성, 그리고 7번째에 해당하는 셰프의 손맛을 모두 맛볼 수 있는 곳이다.",https://www.bluer.co.kr/images/es_10ce9afa443d4602bb098fee7bc09aa9.jpg,https://www.bluer.co.kr/restaurants/31431,
강민철레스토랑,3,프랑스식,서울특별시 강남구 도산대로63길 18 (청담동) 청담빌딩 5층,서울특별시,강남구,,,"파리의 조엘 로부숑, 알랭 뒤카스, 피에르 가니에르 등 거장들의 레스토랑에서 경력을 쌓은 강민철 셰프의 파인 다이닝 레스토랑. 클래식 프렌치를 재현한 코스 요리가 펼쳐지며, 메인 디시를 중심으로 서브 디시가 함께 등장한다. 화려한 플레이팅과 퍼포먼스로 인기가 높다.",https://www.bluer.co.kr/images/es_c651ebe43a9d4cdc9191e3b551ef238d.jpg,https://www.bluer.co.kr/restaurants/32353,
정식당,3,"모던한식, 뉴코리안",서울특별시 강남구 선릉로158길 11 (청담동),서울특별시,강남구,,,"스페인을 비롯한 세계 미식 트렌드의 영향을 많이 받아 새로운 장르를 개척한 임정식 셰프의 레스토랑으로, 뉴코리안이라는 콘셉트로 서울을 대표하는 곳 중의 하나다. 김정호 셰프가 헤드셰프를 맡고 있다. 식재료와 조리 기법, 플레이팅 모두 세계적인 수준의 요리를 즐길 수 있다.",https://www.bluer.co.kr/images/es_e93f82239b414985a8b609387cd03ed7.jpg,https://www.bluer.co.kr/restaurants/4667,
솔밤,3,뉴코리안,서울특별시 강남구 학동로 231 (논현동)  논현백영센터 2층,서울특별시,강남구,,,"한식을 기반으로한 컨템포러리 파인 다이닝. 뉴욕 일레븐매디슨파크, 서울 임프레션 등을 거친 엄태준 셰프가 독창적이고 섬세한 코스로 풀어낸다. 고동연 소믈리에의 독창적인 와인 페어링과 함께 12코스가 조화롭게 진행된다. 솔밤은 엄셰프가 유년을 보낸 안동의 지명이다.",https://www.bluer.co.kr/images/es_319e1ace47a54479b9dd13897d232594.jpg,https://www.bluer.co.kr/restaurants/32608,
아리아께,3,"일식, 스시",서울특별시 중구 동호로 249 (장충동2가) 서울신라호텔 2층,서울특별시,중구,,,"재료의 선도가 좋기로 유명한, 서울에서 손꼽히는 일식집 중 하나다. 담백하고 정갈한 90여 가지의 정통 관서 지방의 요리를 선보인다. 스시의 퀄리티가 특히 독보적으로, 현재 우리나라 스시 분야는 아리아께 출신 조리장이 석권하고 있다고 해도 과언이 아니다. 스시조와 함께 우리나라 스시의 양대 산맥으로 불린다. 스시 뿐만 아니라 가이세키도 훌륭하다.",https://www.bluer.co.kr/images/es_92921e4d14fa4c2e8735b3ebd4e23eb1.jpg,https://www.bluer.co.kr/restaurants/571,
봉래헌,3,한정식,서울특별시 강서구 방화대로 94 (외발산동) 메이필드호텔,서울특별시,강서구,,,정통 궁중 음식을 코스로 재현해 선보이는 한정식집이다. 경복궁 복원에 참여했던 문화재 기능자 이일구 대목수가 전통 궁궐 양식으로 지은 한옥에 자리하고 있다. 작은 연못과 정원이 조화를 이루고 있어 고급스러운 분위기를 연출한다.,https://www.bluer.co.kr/images/415_thumb.jpg,https://www.bluer.co.kr/restaurants/415,
라망시크레,3,"컨템포러리, 프랑스식",서울특별시 중구 퇴계로 67 (회현동1가) 레스케이프 호텔 26층,서울특별시,중구,,,부티크호텔 레스케이프 호텔 최상층에 자리한 컨템포러리 프렌치 레스토랑. 세련된 플레이팅의 요리를 파리에 있는 듯한 분위기에서 즐길 수 있다. 코스 구성은 계절별로 바뀐다. 요리와 어울리는 내추럴 와인을 페어링해 즐길 수도 있다. 손종원 셰프가 이타닉가든과 라망시크레 모두 책임지고 있다.,https://www.bluer.co.kr/images/es_bc57d8c54f184ae18723454b6cb5a950.jpg,https://www.bluer.co.kr/restaurants/29567,
테이블포포,3,이탈리아식,서울특별시 용산구 대사관로31길 25-12 (한남동) 보보스한남 5층,서울특별시,용산구,,,섬세한 유로피안 스타일의 이탈리안 요리를 맛볼 수 있는 김성운 셰프의 테이블포포가 서래마을에서 한남동으로 이전하여 새로운 모습으로 오픈하였다. 태안에서 가져오는 신선한 식재료를 많이 사용하고 있는 것이 특징이며 전망 좋은 분위기와 아기자기하면서도 화려한 플레이팅이 시각적인 즐거움을 더한다.,https://www.bluer.co.kr/images/es_53b3773e314a40d8b01b564866781e0a.jpg,https://www.bluer.co.kr/restaurants/20038,
이타닉가든,3,뉴코리안,서울특별시 강남구 테헤란로 231 (역삼동) 조선팰리스강남 36층,서울특별시,강남구,,,프렌치 조리법에 컨템포러리 한식을 접목한 파인 다이닝 레스토랑. 손종원 셰프의 섬세하면서도 화려한 플레이팅을 바탕으로 코스 요리를 선보인다. 와인과 전통주 페어링이 가능하며 창가 자리의 시티뷰가 좋으니 예약 시 참고할 것.,https://www.bluer.co.kr/images/es_eacc9778ffb04227a673ddc2c8180d58.jpg,https://www.bluer.co.kr/restaurants/31886,
스와니예,3,컨템포러리,서울특별시 강남구 강남대로 652 (신사동) 신사스퀘어 2층,서울특별시,강남구,,,프렌치에 한국적인 요소를 가미한 컨템포러리 레스토랑. 에피소드라는 이름으로 시즌별로 바뀌는 코스는 각각 특별한 주제를 가지고 있어 이준 셰프의 상상력과 표현력을 엿볼 수 있다.,https://www.bluer.co.kr/images/es_1020e1b61af54a6cad25827b0e8a47b2.jpg,https://www.bluer.co.kr/restaurants/26944,
소울다이닝,3,모던한식,서울특별시 용산구 신흥로26길 35 (용산동2가) 지하 1층,서울특별시,용산구,,,"윤대현 셰프와 김희은 셰프 부부가 함께 운영하는 모던 한식 레스토랑. 현대 한국에 존재하는 다양한 식문화로부터 영감을 받아 익숙한 한국 음식을 새롭게 풀어낸다. 포항물회, 감자전, 오리보쌈 등과 같은 친숙한 요리를 재해석한 새로운 맛을 즐길 수 있다.",https://www.bluer.co.kr/images/es_52a4edb3e49e415390d61c3ae5527191.jpg,https://www.bluer.co.kr/restaurants/30195,
갓포아키(삼성점),2,갓포요리,서울특별시 강남구 테헤란로 610 (대치동) 글래드코엑스센터 B2,서울특별시,강남구,,,"신선한 제철 재료를 활용해 수준급 요리를 한결같이 선보이는 일식당. 대표적인 런치세트로는 카이센동정식, 우나뉴정식, 바라치라시스시정식이 있으며, 저녁에는 탄탄한 구성의 디너코스를 맛볼 수 있다. 다양한 형태의 모임을 즐길 수 있는 룸, 닷지석, 테이블 등 다양한 좌석이 마련되어 있다.",https://www.bluer.co.kr/assets/image/restaurant/img_restaurant_no_image.png?v=3,https://www.bluer.co.kr/restaurants/41276,
뛰뚜아멍,2,프랑스식,서울특별시 성동구 광나루로11길 20 (송정동)  1층 101호,서울특별시,성동구,,,"프랑스 피에르가니에르 레스토랑에서 수셰프, 가야파리에서 헤드셰프를 역임한 김도현 셰프가 이끄는 프렌치 다이닝. 셰프의 철학이 담긴 수준 높은 코스 요리를 경험할 수 있다. 단일 코스메뉴를 선보이며, 계절마다 색다른 식사를 선보여 특별한 미식 경험을 선사한다.",https://www.bluer.co.kr/images/es_21984a07a7fe483e9255c4f28befaefa.jpg,https://www.bluer.co.kr/restaurants/42013,
프레드므아청담,2,"샌드위치, 베이커리",서울특별시 강남구 언주로133길 27 (논현동),서울특별시,강남구,,,"프렌치 파인 다이닝으로 유명한 윤화영 셰프의 베이커리. 맛있는 샌드위치를 위해 직접 빵을 만든다. 밤바브카, 루벤샌드위치, 통밀캄파뉴 등을 선보인다. 크루아상과 커피가 함께 나오는 모닝세트도 즐길 수 있다.",https://www.bluer.co.kr/images/es_1911b5431f0e460db477434703bc76f4.jpg,https://www.bluer.co.kr/restaurants/40017,
순대실록,2,순대,서울특별시 종로구 동숭길 113 (동숭동) 1층,서울특별시,종로구,,,"현대적으로 업그레이드한 순대를 맛볼 수 있는 곳. 구워 먹는 순대인 순대스테이크가 대표 메뉴다. 흑미, 서리태, 견과류 등을 넣어 고소한 맛을 내는 것이 특징이며, 젊은 사람들 입맛에도 딱 맞는다. 이외에 매콤한 순대볶음과 깔끔한 국물 맛이 인상적인 순대국밥도 식사메뉴로 인기가 좋다.",https://www.bluer.co.kr/images/es_749f4bc09a004f238a14b62de0b288d1.jpg,https://www.bluer.co.kr/restaurants/28470,
세스크멘슬,2,"샤퀴테리, 독일식",서울특별시 성동구 성수이로14길 7 (성수동2가),서울특별시,성동구,,,"스페인과 이탈리아에서 요리 경력을 쌓은 김정현 셰프가 운영하는 샤퀴테리 전문점. 독일 스타일의 소시지를 중심으로 한 육가공품을 선보인다. 다양한 맛의 소시지를 비롯해 쿡 베이컨, 미트로프 등을 다양하게 맛볼 수 있다.",https://www.bluer.co.kr/images/es_4ef14dcdcaf04e45a4568de2fce719df.jpg,https://www.bluer.co.kr/restaurants/30071,
자하손만두,2,만두,서울특별시 종로구 백석동길 12 (부암동),서울특별시,종로구,,,"일명 손만둣집이라고도 불리는 곳으로, 호두와 잣을 넣어 빚은 소만두와 버섯을 넣은 편수 등을 맛볼 수 있다. 만둣국을 주문하면 분홍과 노랑, 파랑으로 빚어내는 색동만두를 넣어준다. 담백한 맛의 삼색만두로 끓인 떡만둣국과 만두전골 등이 인기 메뉴다.",https://www.bluer.co.kr/images/514_thumb.jpg,https://www.bluer.co.kr/restaurants/514,
송강,2,"장어, 복, 황복",서울특별시 서초구 명달로9길 5 (방배동) 정호빌딩,서울특별시,서초구,,,"큼직한 갯벌장어구이가 유명한 곳으로, 고소하면서도 기름기 많은 장어의 맛을 느낄 수 있다. 4~6월에는 임진강에서 잡히는 황복이 별미며 운이 좋으면 큼지막한 자연산 장어도 맛볼 수 있다. 장어 외에 참복 사시미로도 유명하며, 사시미 주문 시 예약하면 숙성 과정을 거친 회를 맛볼 수 있다.",https://www.bluer.co.kr/images/4872_3.jpg,https://www.bluer.co.kr/restaurants/4872,
미우야,2,"소바, 일식우동",서울특별시 서초구 강남대로23길 90 (양재동) 기정빌딩 1층,서울특별시,서초구,,,"직접 면을 만드는 일본식 소바 전문점. 고사리와 다진 소고기를 올린 와라비소바와 시금치, 베이컨, 온천달걀을 올린 호텐소사라다소바가 인기 메뉴. 주문하면 소바차가 먼저 나오고 소바를 다 먹은 후에는 소바유(면을 삶은 물)를 주는데 남은 쯔유에 부어 마신다. 우동 메뉴도 다양한 편.",https://www.bluer.co.kr/images/es_f33e4f9524c9497294eb23288352621d.jpg,https://www.bluer.co.kr/restaurants/9130,
휴135,2,스테이크,서울특별시 용산구 이태원로55나길 6 (한남동),서울특별시,용산구,,,"김세경 셰프가 운영하는 드라이에이징 스테이크 전문점. 고기는 부위별 특성에 따라 최소 21일간의 숙성을 거친다. 식전에 차완무시를 내며 애피타이저도 파인 다이닝 수준이다. 맥주부터 하이볼, 위스키, 식후주까지 다양한 주류를 갖추고 있는 등 센스가 돋보인다.",https://www.bluer.co.kr/images/es_31ad4705e2dc42bba14a7da6636637af.jpg,https://www.bluer.co.kr/restaurants/29600,
고도식,2,"돼지고기구이, 소고기구이",서울특별시 송파구 백제고분로45길 28 (송파동) 벤도치빌딩,서울특별시,송파구,,,"뼈째 붙어 있는 알등심을 선보이는 곳. 돼지 등심과 가브리살까지 연결되어 있는 알등심을 맛볼 수 있으며 초벌구이된 고기를 주물판 위에 올려 구워준다. 육즙이 일품이며 고소한 북어채소금에 찍어 먹으면 좋다. 모든 돼지고기는 지리산, 제주도의 고도 높은 지역에서 자란 고산 돼지만을 사용하는 것이 특징. 알등심은 한 테이블당 2인분씩만 주문할 수 있다.",https://www.bluer.co.kr/assets/image/restaurant/img_restaurant_no_image.png?v=3,https://www.bluer.co.kr/restaurants/29716,
유치회관,2,"선지해장국, 수육",경기도 수원시 팔달구 효원로292번길 67 (인계동),경기도,팔달구,,,"40년 넘는 전통을 자랑하는 곳으로, 원래 광교산 등산객에게 인기 있었던 해장국집이다. 우거지와 콩나물을 넣고 끓인 해장국에 팽이버섯을 넣는 것이 독특하다. 현재 선지해장국으로는 수원 제일이라는 평을 받고 있다.",https://www.bluer.co.kr/images/3359_thumb.JPG,https://www.bluer.co.kr/restaurants/3359,
완주옥,2,소떡갈비,전라북도 군산시 큰샘길 42 (죽성동),전라북도,,,,80여 년 전통의 떡갈비 전문점. 다져서 만든 떡갈비가 아니라 갈빗살을 저며 만든 떡갈비다. 연탄불에 마늘과 함께 터프하게 구워져 나온다. 현지인과 관광객 모두 많이 찾는 집. 공깃밥은 별도로 주문해야 한다.,https://www.bluer.co.kr/images/es_dffbed78fa5b4e29b38e4b123848f160.jpg,https://www.bluer.co.kr/restaurants/4097,
모던샤브하우스(광화문D타워점),2,샤브샤브,서울특별시 종로구 종로3길 17 (청진동) D타워 5층,서울특별시,종로구,,,"코스를 주문하면 샤브샤브를 무제한으로 즐길 수 있는 곳. 코스에 따라 4종류의 고기와 15종류의 채소, 식사가 나온다. 6가지의 육수 중 선택하여 다양하게 즐길 수 있다. 부드럽게 익힌 고기와 채소의 담백한 맛이 일품이다.",https://www.bluer.co.kr/images/es_b8a96066712e4943b2c517f1977bcbec.jpg,https://www.bluer.co.kr/restaurants/31482,
마포옥,2,"설렁탕, 수육",서울특별시 마포구 토정로 312 (용강동) 2층,서울특별시,마포구,,,"차돌박이를 넣고 탕을 끓이는 것이 특징인 설렁탕집으로, 70년이 넘는 전통의 진한 국물로 정평이 나 있다. 양지 등 질 좋은 고기가 풍성하게 들어 있는 차돌양지설렁탕은 밥과 사리를 국에 말아 나온다. 시큼한 배추김치와 깍두기, 배추 겉절이 이외에도 기본 찬으로 파김치가 나온다.",https://www.bluer.co.kr/images/es_907f0ed52bb849dba858989215caf7eb.jpg,https://www.bluer.co.kr/restaurants/1104,
원조숯불닭불고기집,2,닭갈비,강원특별자치도 춘천시 낙원길 28-4 (중앙로2가),강원특별자치도,,,,춘천 명동에서 원조 닭갈빗집으로 꼽히는 곳이다. 철판에 굽는 방식이 아니라 예전 그대로 숯불 석쇠에 닭갈비를 굽는다. 숯불향이 나는 닭불고기를 파김치와 상추에 싸서 먹는 맛이 그만이다. 닭갈비를 가스불이 아닌 숯불에 굽기 때문에 기름이 쫙 빠져 맛이 담백하다. 식사로는 멸치육수와 시골된장으로 끓인 된장찌개가 일품이다. 60년 넘는 역사를 자랑한다.,https://www.bluer.co.kr/images/1687_thumb.JPG,https://www.bluer.co.kr/restaurants/1687,
꼼모아,2,프렌치비스트로,서울특별시 강남구 선릉로135길 29 (논현동)  SH빌딩 1층,서울특별시,강남구,,,"파리에서 오랜 경력을 쌓은 김모아 셰프의 프렌치 비스트로. 쉽게 다가갈 수 있는 이지 프렌치를 콘셉트로 한다. 한우 비프웰링턴이 유명한데, 하루 전 예약해야 맛볼 수 있다. 바질페스토와 구운 달팽이로 속을 채운 화이트크림소스파이와 고기 파이의 일종인 투르트도 인기 메뉴.",https://www.bluer.co.kr/images/es_f3778086a16844ac93f3c6fbf3f5c96e.jpg,https://www.bluer.co.kr/restaurants/27849,
용평회관,2,"소고기구이, 생태탕",강원특별자치도 평창군 대관령면 횡계2길 15 (대관령면),강원특별자치도,평창군,,,"평창에서 질 좋은 소고기를 구워 먹을 수 있는 곳으로, 등심을 비롯해 차돌박이, 주물럭 등을 선보인다. 고기 외에 칼칼한 생태찌개도 유명하며, 구수하고 진한 된장찌개도 별미다. 용평에서 스키 타는 사람은 다 알만큼 유명한 곳이다.",https://www.bluer.co.kr/images/es_472fb7a7db3045858616a3932c779e34.jpg,https://www.bluer.co.kr/restaurants/1682,
크레미엘,2,페이스트리,서울특별시 서초구 양재천로21길 3 (양재동) 디와이빌딩,서울특별시,서초구,,,"프랑스인 남편과 한국인 아내의 파티시에 부부가 운영하는 파티세리 숍. 프랑스인이 직접 만든 페이스트리 종류를 선보인다. 시그니처인 크루아상은 시트를 직접 반죽하여 구우며, 무항생제 달걀, 프랑스산 밀가루와 버터 등 고급 원재료를 사용하기 때문에 가격대가 있는 편이다.",https://www.bluer.co.kr/images/es_75fb9a51d7e3491795d3ee5137a79e23.jpg,https://www.bluer.co.kr/restaurants/32591,
앨리스프로젝트,2,"라이브디저트, 디저트전문점",서울특별시 서초구 양재천로 107-4 (양재동),서울특별시,서초구,,,"다양한 차와 함께 디저트를 즐길 수 있는 디저트 카페. 파인 다이닝에서 맛볼 만한 플레이팅의 디저트를 접할 수 있다. 미리 예약하면 디저트 코스도 맛볼 수 있는데, 네 가지 디저트와 차로 구성된 메뉴는 시즌마다 달라진다. 오픈 키친에 카운터 석이 있어 디저트 만드는 모습을 볼 수도 있다.",https://www.bluer.co.kr/images/es_73fd5de2f0d14fc7b90ea70a172d8f4f.jpg,https://www.bluer.co.kr/restaurants/36669,
뀌쏭82,2,프랑스식,서울특별시 강남구 양재천로 167 (도곡동) 아성빌딩 1층,서울특별시,강남구,,,"김영원 셰프의 프렌치 레스토랑으로, 소프트 프렌치 퀴진을 콘셉트로 내세운다. 프랑스 가정집에 온 듯한 편안한 공간에서 클래식한 프랑스 가정식을 즐길 수 있다. 프렌치 비스트로를 표방하면서 가격대도 합리적이다. 양재천 일대에서 손꼽히는 곳.",https://www.bluer.co.kr/images/6896_thumb.jpg,https://www.bluer.co.kr/restaurants/6896,
밀리우,2,프랑스식,제주특별자치도 서귀포시 표선면 민속해안로 537 (표선면) 해비치호텔앤드리조트 1층,제주특별자치도,,,,제주에서 가장 고급스러운 요리와 격조 있는 서비스를 경험할 수 있는 프렌치 파인 다이닝 레스토랑. 곶자왈을 모티브로 한 정원에서 코쿤 테이블에 앉아 맛보는 최고급 식재료로 만든 정통 프렌치 요리는 이국적인 휴양지에 온 듯한 기분을 느끼게 해준다.,https://www.bluer.co.kr/images/es_b0971a0c272349cb8baf8e0f17d76125.jpg,https://www.bluer.co.kr/restaurants/28164,
연리지가든,2,돼지고기구이,제주특별자치도 제주시 한경면 두조로 190-20 (한경면),제주특별자치도,,,,"제주 재래종 흑돼지를 만날 수 있는 곳. 축산진흥원에서 복원하여 천연기념물로 등록된 흑돼지 품종을 분양 받아 자연 방사하여 기른 고기를 사용한다. 메뉴는 한 가지 뿐으로, 부위를 지정하여 주문할 수 없고, 여러 가지 부위가 섞여 나온다. 육질이 붉고 피하지방이 두껍지만 느끼하지 않다. 기르는 데만 18개월이 걸려 물량이 많지 않은 편이므로 미리 문의하고 예약해야 한다.",https://www.bluer.co.kr/images/es_e9fb44baa88c4dcb9a314d6e89b5c2af.jpg,https://www.bluer.co.kr/restaurants/33582,
언양기와집불고기,2,"소불고기, 소고기구이",울산광역시 울주군 언양읍 헌양길 86 (언양읍),울산광역시,울주군,,,"100년된 기와집을 개조해 만든 곳으로, 40여 년간 한우만을 다루고 있다. 불고기는 양념에 재워둔 소고기를 석쇠에 구워 상에 낸다. 질기지 않고 부드러운 한우의 맛이 좋으며, 반찬과 고기는 모두 천연 옥으로 만든 그릇에 담아 나온다.",https://www.bluer.co.kr/images/es_d2e7d882126248f99dd06d82ff7e020a.jpg,https://www.bluer.co.kr/restaurants/4523,
천황식당,2,"육회비빔밥, 육회, 소불고기",경상남도 진주시 촉석로207번길 3 (대안동),경상남도,,,,"진주식 비빔밥 전문점. 고깃국물에 토렴한 밥에 호박나물, 무나물, 콩나물, 숙주나물, 시금치, 양배추, 무, 고사리 같은 부드러운 나물과 육회를 올려 낸다. 선짓국물이 같이 나오는 것도 진주비빔밥의 특징. 집에서 재래식으로 담근 간장과 된장, 고추장 등을 재료로 사용하는 것이 맛의 비결. 육회나 석쇠불고기를 곁들이면 더욱 좋다. 1927년 개업한 후, 3대째 가업을 이어 한자리에서 비빔밥을 팔아온 전통과 관록을 자랑하는 맛집이다.",https://www.bluer.co.kr/images/es_f9e8bdc510be4c0eb16187f8d693b725.jpg,https://www.bluer.co.kr/restaurants/2048,
트웰브키친,2,"이탈리아식, 파스타, 피자",대구광역시 수성구 무학로11길 10 (상동) 1층,대구광역시,수성구,,,유기농 식재료를 사용하는 이탈리안 레스토랑. 제철을 맞은 식재료를 사용한 코스 요리를 선보인다. 음식의 개성을 살린 플레이팅이 인상적이다.,https://www.bluer.co.kr/images/es_de74f8b8817343788a08bcc40dbc72a2.jpg,https://www.bluer.co.kr/restaurants/28185,
백학정,2,"소떡갈비, 백반",전라북도 정읍시 태인면 태인로 29-3 (태인면),전라북도,,,,"3대째 내려오는 떡갈비백반 전문점. 손질된 고기를 뼈에 다시 붙인 후 양념장을 발라 숯불에 굽는다. 장아찌 등의 밑반찬도 20여 가지가 나온다. 참게장백반도 인기가 좋다. 토, 일요일에는 예약이 필수다.",https://www.bluer.co.kr/images/es_3892002995684913abebd7584f9e8c53.jpg,https://www.bluer.co.kr/restaurants/2984,
고력당흑염소숯불구이전문점,2,염소고기,전라남도 순천시 왕지3길 18-28 (왕지동),전라남도,,,,"염소고기를 전문으로 하는 곳으로, 감각적인 인테리어로 꾸민 것이 특징이다. 친환경 흑염소 농장에서 직접 염소고기를 받아온다. 잡냄새 없이 끓인 궁중 수육 전골도 별미. 점심시간에는 합리적인 가격에 정식 메뉴를 선보인다.",https://www.bluer.co.kr/images/es_06ddbbe5292d4da38927fc2b49d9c960.png,https://www.bluer.co.kr/restaurants/29388,
영암식당,2,소떡갈비,전라남도 목포시 마인계터로15번길 23 (죽동),전라남도,,,,"60여 년 전통을 자랑하는 떡갈비 전문점. 떡갈비와 함께 차려지는 풍성한 반찬에 한 번, 떡갈비의 맛에 두 번 놀라게 된다. 김치류와 젓갈류가 맛을 더한다.",https://www.bluer.co.kr/images/es_623bef4f96d0468aa9ba5a1a48b56d0f.jpg,https://www.bluer.co.kr/restaurants/28198,
지곡산장,2,닭구이,전라남도 광양시 광양읍 서북로 59 (광양읍),전라남도,,,,"토종닭숯불구이로 유명한 곳. 갓 잡은 닭고기를 숯불에 구워 먹는 맛이 일품이다. 닭 한 마리를 시키면 간, 닭모래집 등 모든 부위를 골고루 맛볼 수 있다. 닭가슴살회와 식사 후 나오는 녹두죽의 맛도 별미다.",https://www.bluer.co.kr/images/es_52810de82f1541b8a9bb4cd6e0678638.jpg,https://www.bluer.co.kr/restaurants/26977,
오케이목장가든,2,닭구이,전라남도 화순군 화순읍 안양산로 72 (화순읍),전라남도,화순군,,,"안양산자락의 넓은 부지에 사슴, 흑염소, 닭 등을 기르며, 직접 잡아 요리하는 곳이다. 양념 없이 참숯에 구워 먹는 닭구이가 대표 메뉴. 닭구이를 시키면 백숙과 닭육회 등이 함께 나온다. 촌닭 특유의 탄탄한 식감과 쫄깃한 껍질의 맛이 일품이다. 주변 경관도 훌륭하다.",https://www.bluer.co.kr/images/es_c76c9f4ec272408983a3082a7f4fc849.jpg,https://www.bluer.co.kr/restaurants/17765,
신식당,2,"소떡갈비, 비빔밥",전라남도 담양군 담양읍 담주2길 18-13 (담양읍),전라남도,담양군,,,"담양을 대표하는 떡갈빗집으로, 약한 참숯불에 양념장을 발라 구운 부드러운 떡갈비 맛이 일품이다. 가마솥에 갈빗살과 뼈를 넣고 푹 고아내 국물 맛이 진한 갈비탕, 그리고 각종 나물과 직접 담근 고추장 맛이 좋은 비빔밥을 추천할 만하다. 1909년부터 떡갈비를 시작하여 4대째, 1백 년이 넘게 내려오는 곳으로, 떡갈비의 원조로도 알려졌다.",https://www.bluer.co.kr/images/es_5c17771eb56c40ff81775524dd89ad9b.jpg,https://www.bluer.co.kr/restaurants/2449,
대광식당,2,육전,광주광역시 서구 상무대로695번길 15 (마륵동),광주광역시,서구,,,전에 관해서는 광주 최고라고 일컬어지는 육전이 간판 메뉴다. 육전은 육질이 좋은 아롱사태를 얇게 저며서 찹쌀가루를 살짝 묻힌 뒤 달걀 옷을 얇게 입혀 굽는다. 자리마다 놓인 전기 팬에서 바로 구워 먹는 것이 특징이다.,https://www.bluer.co.kr/assets/image/restaurant/img_restaurant_no_image.png?v=3,https://www.bluer.co.kr/restaurants/2131,
뜨라또리아델리카르도,1,"이탈리아식, 파스타",대구광역시 북구 칠곡중앙대로54길 27 (태전동) 1층,대구광역시,북구,,,"파올로데마리아 셰프의 제자인 리카르도 셰프가 운영하는 이탈리안 레스토랑. 이탈리아 음식 본연의 맛을 잘 살린다는 평을 받는다. 부드러운 트러플크림감자뇨키와 봉골레, 모차렐라치즈와 루콜라 등이 올라간 루꼴라플랫브레드 등이 인기다.",https://www.bluer.co.kr/images/es_6925375936594a1dac7c8931f4255b7c.jpg,https://www.bluer.co.kr/restaurants/30086,
케이브파스타바,1,파스타,대전광역시 서구 갈마역로25번길 9-9 (갈마동),대전광역시,서구,,,"매일 직접 반죽한 생면으로 요리한 파스타를 선보이는 다이닝 바. 파스타를 단품 또는 파스타 코스로 즐길 수 있다. 파스타에 사용되는 육수와 소스도 직접 만든다. 평일에는 90분 단위, 주말 런치는 30분, 주말 디너는 60분 단위로 에약을 받는 예약 우선제 매장이다.",https://www.bluer.co.kr/images/bluer_53a045e0615146999077b22c7f6c46db.jpg,https://www.bluer.co.kr/restaurants/36398,
몽중식,1,일반중식,서울특별시 마포구 동교로 257 (연남동),서울특별시,마포구,,,"스토리가 있는 중식 코스요리 전문점. 시즌마다 주기적으로 콘셉트를 바꾸며 그에 맞추어 음식을 내고, 음식마다 스토리를 담아 설명해 준다. 개성있는 중식 코스와 함께 하는 페어링도 인기가 높다.",https://www.bluer.co.kr/images/es_bb2f9c9261a54c26a8e0acd7f0263e51.jpg,https://www.bluer.co.kr/restaurants/31241,
장성향,1,"중국만두, 일반중식",부산광역시 동구 대영로243번길 29 (초량동),부산광역시,동구,,,"영화 <올드보이>에 등장하는 군만두로 유명해진 중국집. 바삭한 군만두 안에는 고기소가 가득 들어 있다. 간짜장은 불맛이 느껴지며, 면과 양념소스를 잘 비벼서 고소한 계란프라이와 함께 먹는 것이 별미다.",https://www.bluer.co.kr/images/es_b10c78ceab7841f0847baca2d206712b.jpg,https://www.bluer.co.kr/restaurants/4073,
해남천일관,1,한정식,서울특별시 서초구 반포대로39길 36-1 (반포동),서울특별시,서초구,,,전라남도 해남에 있는 90여 년 전통 한정식집 천일관의 서울 분점. 남도식 한정식의 진수를 맛볼 수 있다. 방배동으로 이전하면서 모던하고 스타일리시한 분위기로 바뀌었다.,https://www.bluer.co.kr/images/es_029b9d1f0e524f3d940ee7430ad93859.jpg,https://www.bluer.co.kr/restaurants/4150,
오트르망,1,프랑스식,전라남도 순천시 이수1길 15-6 (조곡동),전라남도,,,,"영국의 클럽 가스콘과 프랑스의 피에르 상 앙 오베르캄프 등에서 20여 년간 경력을 쌓은 이노선 셰프가 고향 순천에 오픈한 컨템포러리 프렌치 레스토랑이다. 구례의 보타닉 남도와 협업해 다양한 유기농 노지 채소를 활용한 요리를 선보이며, 현지의 감각을 살린 이국적인 풍미와 높은 완성도가 인상적이다. 봄철에만 한시적으로 선보이는 튤립 요리가 이곳의 시그니처다.",https://www.bluer.co.kr/images/es_935560aface14a69a6adc5ab170f6a93.jpg,https://www.bluer.co.kr/restaurants/33031,
우성갈비,1,돼지갈비,서울특별시 중구 동호로7길 13 (신당동),서울특별시,중구,,,"길가에 놓인 드럼통에 앉아서 소주 한잔하기 좋은, 시장통의 대폿집이다. 초벌구이해 나오는 돼지갈비를 연탄불에 구워 먹는 맛이 일품이다. 양념 맛이 너무 진하지도 않으면서 고기의 탱탱한 육질이 돋보인다.",https://www.bluer.co.kr/images/687_thumb.jpg,https://www.bluer.co.kr/restaurants/687,
용문해장국,1,선지해장국,서울특별시 용산구 효창원로 110 (용문동),서울특별시,용산구,,,"해장국으로 유명한 집. 메뉴는 해장국 한 가지로, 취향에 따라 ‘우거지 가득’, ‘선지 빼고 고기 많이’ 등으로 주문하면 된다. 새벽에 문을 열어 점심때가 지나면 문을 닫으므로 시간을 확인하고 가야 한다.",https://www.bluer.co.kr/images/6377_thumb.jpg,https://www.bluer.co.kr/restaurants/6377,
데이빗앤룰스,1,스테이크,경기도 성남시 분당구 판교로319번길 13 (삼평동) B1층,경기도,분당구,,,"한우 1+ 등급 이상의 소고기만을 선별해 3주 이상 드라이에이징 하는 스테이크 하우스. 안심스테이크를 비롯해 무쇠 주물팬에 시어링한 채끝등심스테이크,  포터하우스스테이크 등이 대표 메뉴다. 감자튀김이나 퓌레, 채소 등을 사이드 메뉴로 곁들이는 편을 추천한다. 다양한 규모의 프라이빗 룸을 갖추고 있어 비즈니스 미팅, 가족 모임 등을 하기 좋다.",https://www.bluer.co.kr/images/es_e1fc23cf67e84968b1eebcc6daadd700.jpg,https://www.bluer.co.kr/restaurants/29390,
압구정진주,1,"삼겹살, 돼지고기구이",서울특별시 강남구 압구정로46길 5-10 (신사동) 압구정로데오스타,서울특별시,강남구,,,9첩반상과 함께 제주산 삼겹살을 맛볼 수 있는 곳. 불판에서 구운 삼겹살을 새우젓과 함께 먹으면 감칠맛이 더해진다. 산낙지를 불판에 구워 어리굴젓볶음밥과 함께 먹는 것도 추천한다.,https://www.bluer.co.kr/assets/image/restaurant/img_restaurant_no_image.png?v=3,https://www.bluer.co.kr/restaurants/31246,
쿠오체레,1,"피자, 파스타","경기도 김포시 김포한강1로 247 (운양동) 김포운양헤리움타운 117,118호",경기도,,,,"호텔 출신 셰프가 만드는 담백한 화덕 피자와 파스타를 맛볼 수 있다. 피자와 파스타 모두 기본에 충실한, 전통적인 맛이다. 버섯 크림 콘킬리오니, 풍기에코토, 부라타에프로슈토 등이 추천 메뉴다.",https://www.bluer.co.kr/images/es_64c8e14a97194129a6ccf8aab18ced22.jpg,https://www.bluer.co.kr/restaurants/33158,
기연,1,일식오마카세,전라북도 군산시 구영3길 39 (월명동),전라북도,,,,서울의 일본요리점 모노로그에서 근무한 후 고향인 군산으로 내려온 전훈 셰프의 일본요리점이다. 매일 조금씩 달라지는 제철 식재료를 사용한 신선하면서도 훌륭한 맛의 정통 일본 요리를 오마카세 형식으로 낸다. 사케 리스트도 합리적인 가격에 구성도 훌륭하며 1부(5시30분 시작)와 2부(8시 시작)로 나뉘어 운영하기 때문에 2차로 즐기기에도 좋다.,https://www.bluer.co.kr/images/es_ff227dcfc13c48ef88a6e5e29266ab22.jpg,https://www.bluer.co.kr/restaurants/33000,
페로즈,1,타파스바,제주특별자치도 제주시 남광로 72 (이도이동) 1층,제주특별자치도,,,,"호텔에서 경력을 쌓은 뒤 스패니시 레스토랑 엘씨엘로에서 현지인 셰프에게 스페인 요리를 배운 뒤, 스페인 요리에 푹 빠져 하몽 카빙마스터 과정까지 수료한 박상성 셰프의 타파스바. 스페인의 클래식 요리에 기반한 제대로 된 스페인 요리를 내는 타파스바다. 스페인 황실에 납품되는 5J 싱코 호타스(Cinco Jotas) 하몽을 맛볼 수 있는 귀한 곳이기도 하다. 스몰 디시가 많고 식사로 할만한 메인요리급 디시도 갖추고 있어 혼밥, 혼술이나 2차로 즐기기에도 좋다.",https://www.bluer.co.kr/images/es_170002b7b9f942bea7bb26fbb50d60da.jpg,https://www.bluer.co.kr/restaurants/43251,
솔밭묵집,1,"묵, 닭백숙, 닭볶음탕",대전광역시 유성구 관용로 43 (관평동),대전광역시,유성구,,,"구즉도토리묵 거리에 있는 묵집 중의 하나. 도토리묵의 진한 맛을 볼 수 있다. 큼지막한 대접에 도토리묵을 채 썰어 담고 잘게 썬 김치와 김, 깨소금을 고명으로 얹어 국물을 부어낸다. 자극적인 맛을 원하면 삭힌 풋고추를 첨가하면 매콤하다. 묵과 함께 나오는 보리밥도 별미다.",https://www.bluer.co.kr/images/es_c3d209bc6a5e4f86b9f917545b53a308.jpg,https://www.bluer.co.kr/restaurants/2229,
히노키공방,1,일본가정식,서울특별시 마포구 신촌로14안길 3 (노고산동),서울특별시,마포구,,,"일본 가정식 밥집. 소고기에 진하고 깊은 맛의 데미글라스 소스를 올린 하야시니코미정식이 대표 메뉴로, 묽은 상태로 만들어 놓은 소스를 주문이 들어오면 진득하게 졸여 내는 것이 특징이다. 카츠나베정식과 새우튀김이 올라간 아사히새우텐동도 인기 메뉴. 재료가 소진되면 일찍 마감할 수 있으니 전화 확인 후 방문하는 것이 좋다.",https://www.bluer.co.kr/assets/image/restaurant/img_restaurant_no_image.png?v=3,https://www.bluer.co.kr/restaurants/28197,
강릉하루키친,1,"일식우동, 일식돈가스",강원특별자치도 강릉시 강릉대로587번길 23 (초당동),강원특별자치도,,,,"일본츠지요리학교 출신 일본인이 헤드 셰프로 있는 곳으로, 강원도 로컬 재료를 활용한 일식 요리를 선보인다. 투뿔 한우와 송고버섯이 들어간 우동, 한우니쿠우동이 시그니처 메뉴. 자가제면한 쫄깃한 면발과 바삭한 덴푸라의 식감이 조화롭게 어우러지는 붓가케우동도 추천할 만한 메뉴.",https://www.bluer.co.kr/images/es_5cfd34780337438bbb7d8f0b1f823d1a.jpg,https://www.bluer.co.kr/restaurants/43964,
시칠리아파스타바,1,파스타,대구광역시 수성구 동원로1길 35 (범어동) 1층,대구광역시,수성구,,,"직접 만든 생면 파스타로 코스 요리를 선보이는 곳이다. 와인 페어링을 추가하면 전채요리에 화이트 와인, 두 번째 파스타에 레드 와인이 제공된다. 사전 예약은 필수. 카운터 자리로 운영하였으나 최근 리뉴얼 이전하여 좌석 수도 많아졌다.",https://www.bluer.co.kr/images/es_2007cc3f304443b3a5d1a76b6e126de7.jpg,https://www.bluer.co.kr/restaurants/32560,
빠오즈푸(본점),1,중국만두,서울특별시 광진구 광나루로 373 (군자동),서울특별시,광진구,,,"중국식 만두를 제대로 선보이는 곳. 주문 즉시 그 자리에서 만두를 빚어 요리하기 때문에, 다소 시간은 걸리는 편이지만 제대로 된 만두를 맛볼 수 있다. 만둣국과 비슷한 형태의 중국 음식인 훈둔은 한 끼 식사로 부족함이 없다.",https://www.bluer.co.kr/assets/image/restaurant/img_restaurant_no_image.png?v=3,https://www.bluer.co.kr/restaurants/25771,
이태리회관,1,이탈리아식,경상남도 남해군 삼동면 봉화로 22-1 (삼동면) 2층,경상남도,남해군,,,이탈리아 Alma 출신으로 서울 몰토를 거친 윤준 셰프가 운영하는 작은 이탈리안 레스토랑. 점심만 운영하고 있으며 파스타와 쇠고기 커틀릿 혹은 아란치니와 수프 컴비네이션 단품요리와 다양한 이탈리아식 디저트를 선보이고 있다. 본토 풍미가 그득한데다 가격도 합리적이다.,https://www.bluer.co.kr/images/es_109ea5d29af94a83ad72394ea9304576.jpg,https://www.bluer.co.kr/restaurants/36486,
큰나무집,1,닭백숙,대구광역시 달성군 가창면 우록길 24 (가창면) 1층,대구광역시,달성군,,,토종닭과 한약재를 사용한 궁중한방백숙을 선보이는 대형 식당. 압력밥솥에 삶은 백숙을 직접 들고 와서 서빙한다. 함께 나오는 배추물김치 맛이 일품이다. 백숙은 삶는 데 시간이 오래 걸리므로 예약하는 것이 좋다.,https://www.bluer.co.kr/assets/image/restaurant/img_restaurant_no_image.png?v=3,https://www.bluer.co.kr/restaurants/27900,
인화루,1,일반중식,경기도 평택시 탄현로 283 (신장동),경기도,,,,60여 년의 역사를 자랑하는 화상 중국집. 깐쇼새우와 양장피가 인기 있는 메뉴다. 식사로는 고추고기짬뽕과 간짜장을 대표 메뉴로 맛볼 수 있다. 탕수육도 많이 찾는다.,https://www.bluer.co.kr/assets/image/restaurant/img_restaurant_no_image.png?v=3,https://www.bluer.co.kr/restaurants/6179,
진진만두,1,"만둣국, 어복쟁반, 수육",서울특별시 영등포구 국제금융로8길 34 (여의도동) 오륜빌딩 3층,서울특별시,영등포구,,,여의도의 유명한 만둣집. 진한 국물과 맛있는 만두가 들어 있는 만둣국을 먹을 수 있는 곳이다. 버섯을 푸짐하게 넣은 어복쟁반과 녹두전이 추천 메뉴. 점심때가 되면 복도 끝까지 줄이 서 있을 정도로 인기가 많다.,https://www.bluer.co.kr/images/782_thumb.jpg,https://www.bluer.co.kr/restaurants/782,
조선옥,1,"소갈비, 육개장",서울특별시 중구 을지로15길 6-5 (을지로3가),서울특별시,중구,,,"소갈비를 진간장, 참기름, 마늘, 설탕 등으로 맛을 낸 양념장에 하루 동안 재웠다가 연탄불에 굽는 옛날식 갈비구이다. 진하지 않은 달콤한 양념이 옛 갈비 맛의 추억을 되살려 준다. 70년대 중반까지만 하더라도 중국집 안동장, 설렁탕집 이남장과 더불어 을지로의 3대 식당으로 불리던, 80여 년 전통의 갈빗집이다.",https://www.bluer.co.kr/images/765_thumb.jpg,https://www.bluer.co.kr/restaurants/765,
개성만두궁,1,"만두, 떡국",서울특별시 종로구 인사동10길 11-3 (관훈동),서울특별시,종로구,,,50년 이상 전통 개성 만두의 맛을 지키는 곳이다. 전통 있는 개성만두와 고소한 사골 국물의 조화가 일품이다. 개성식 떡국인 조랭이 떡국도 맛볼 수 있다. 다양한 전통주도 맛볼 수 있어 식사와 함께 곁들이면 좋다.,https://www.bluer.co.kr/images/79_thumb.jpg,https://www.bluer.co.kr/restaurants/79,
광양숯불구이(지산동점),1,"소불고기, 소갈비",광주광역시 동구 필문대로 229 (지산동),광주광역시,동구,,,40여 년간 광양식으로 양념한 한우숯불구이를 팔고 있는 광양숯불구이 지산동점이다. 달짝지근한 양념 맛으로 인해 남녀노소 모두 즐길 수 있다. 양념을 강하게 하고 일정 시간 재운 듯 색이 변해 있다. 밑반찬이 깔끔하게 나오는 편이다.,https://www.bluer.co.kr/assets/image/restaurant/img_restaurant_no_image.png?v=3,https://www.bluer.co.kr/restaurants/4409,
에루화,1,돼지떡갈비,전라북도 전주시 완산구 고사평5길 25 (서신동),전라북도,완산구,,,전주에서 유명한 돼지고기 떡갈빗집. 참 숯불에 구운 후 다시 무쇠 돌판에 구워 먹는 떡갈비를 맛볼 수 있다. 노릇하게 구워진 떡갈비와 함께 먹는 냉면과 김치찌개의 조합이 훌륭하다.,https://www.bluer.co.kr/assets/image/restaurant/img_restaurant_no_image.png?v=3,https://www.bluer.co.kr/restaurants/2540,
한국관,1,비빔밥,전라북도 전주시 덕진구 기린대로 425 (금암동),전라북도,덕진구,,,전주식 비빔밥 전문점. 육회비빔밥은 다양한 나물과 육회가 넉넉히 들어가며 전통 놋그릇에 담겨 나온다. 비빔밥마다 나오는 그릇이 다른 것이 특징. 큰 뚝배기 그릇에 약재를 넣어 달인 모주도 한 잔 곁들이면 좋다. 50여 년의 역사를 자랑한다.,https://www.bluer.co.kr/images/es_b96fc7b053e346d3adcb3f92f031cd3c.jpg,https://www.bluer.co.kr/restaurants/2552,
명인등심(압구정본점),1,소고기구이,서울특별시 강남구 도산대로 211 (신사동) 동현빌딩 2층,서울특별시,강남구,,,"투뿔 등급의 한우를 즐길 수 있는 곳이다. 경북 안동의 직영 목장과 직거래하므로 합리적인 가격대로 한우를 즐길 수 있다. 등심을 주문하면 윗등심, 아랫등심, 살치살, 꽃등심, 새우살 등심 한 채의 모든 부위를 골고루 내어주는 것이 특징이다.",https://www.bluer.co.kr/images/bluer_f38c93d713154c60ba479d3d912b0c65.jpg,https://www.bluer.co.kr/restaurants/30558,
청담골,1,"백반, 생선조림, 생선구이",서울특별시 강남구 선릉로148길 48 (청담동) 미준빌딩,서울특별시,강남구,,,"구수한 누룽지백반으로 이름난 백반집이다. 적당히 끓인 누룽지를 큼직한 대접에 가득 담아 내온다. 달걀찜, 게장, 나물 등 10가지가 넘는 밑반찬도 훌륭하다. 밥집을 찾기 어려운 청담동에서 편하게 식사할 수 있는 곳이다.",https://www.bluer.co.kr/images/1276_7.jpg,https://www.bluer.co.kr/restaurants/1276,
충무로쭈꾸미불고기,1,주꾸미,서울특별시 중구 퇴계로31길 11 (필동1가),서울특별시,중구,,,"50여 년 동안 꾸준히 사랑을 받는 곳으로, 매콤한 양념의 주꾸미를 숯불에 구워 먹는다. 주꾸미, 키조개가 같이 나오는 모둠을 시키는 것을 추천. 마지막에 볶아 먹는 볶음밥도 별미다.",https://www.bluer.co.kr/images/es_c5c4a2fa6a164a22be1308a9ab1ff521.jpg,https://www.bluer.co.kr/restaurants/1268,
리틀사이공,1,베트남식,서울특별시 강남구 언주로174길 26 (신사동),서울특별시,강남구,,,서울에서 비교적 오래된 베트남 쌀국수 전문점이다. 소고기가 들어간 진한 국물에 쌀국수를 넣은 베트남 쌀국수를 맛볼 수 있다. 신선한 속재료가 푸짐하게 나오는 월남쌈과 쌀로 만든 피에 돼지고기와 채소를 넣고 말아 기름에 튀겨낸 짜조가 인기 메뉴다. 모든 요리는 포장 가능하다.,https://www.bluer.co.kr/images/282_thumb.jpg,https://www.bluer.co.kr/restaurants/282,
비아메렝게,1,멕시코식,서울특별시 서대문구 명물길 27-18 (창천동) BESCON HOUSE,서울특별시,서대문구,,,"멕시코 현지인이 요리하는 정통 멕시칸 요리를 즐길 수 있는 곳. 다양한 종류의 타코를 맛볼 수 있으며, 카르니타스타코가 시그니처 메뉴다. 카르니타스부리토를 특제 살사에 적셔서 먹는 멕시코 가정식 엔칠라다와 손님이 직접 만들어 먹는 프레시과카몰레도 추천 메뉴.",https://www.bluer.co.kr/images/es_9ba9d55a175f4d3eb69013d0adab4209.jpg,https://www.bluer.co.kr/restaurants/30829,
